{"totalSize":12,"done":true,"records":[{"attributes":{"type":"Account","url":"/services/data/v33.0/sobjects/Account/0012800000kzjyVAAQ"},"Id":"0012800000kzjyVAAQ","Name":"GenePoint"},{"attributes":{"type":"Account","url":"/services/data/v33.0/sobjects/Account/0012800000kzjyTAAQ"},"Id":"0012800000kzjyTAAQ","Name":"United Oil & Gas, UK"},{"attributes":{"type":"Account","url":"/services/data/v33.0/sobjects/Account/0012800000kzjyUAAQ"},"Id":"0012800000kzjyUAAQ","Name":"United Oil & Gas, Singapore"},{"attributes":{"type":"Account","url":"/services/data/v33.0/sobjects/Account/0012800000kzjyLAAQ"},"Id":"0012800000kzjyLAAQ","Name":"Edge Communications"},{"attributes":{"type":"Account","url":"/services/data/v33.0/sobjects/Account/0012800000kzjyMAAQ"},"Id":"0012800000kzjyMAAQ","Name":"Burlington Textiles Corp of America"},{"attributes":{"type":"Account","url":"/services/data/v33.0/sobjects/Account/0012800000kzjyNAAQ"},"Id":"0012800000kzjyNAAQ","Name":"Pyramid Construction Inc."},{"attributes":{"type":"Account","url":"/services/data/v33.0/sobjects/Account/0012800000kzjyOAAQ"},"Id":"0012800000kzjyOAAQ","Name":"Dickenson plc"},{"attributes":{"type":"Account","url":"/services/data/v33.0/sobjects/Account/0012800000kzjyPAAQ"},"Id":"0012800000kzjyPAAQ","Name":"Grand Hotels & Resorts Ltd"},{"attributes":{"type":"Account","url":"/services/data/v33.0/sobjects/Account/0012800000kzjyRAAQ"},"Id":"0012800000kzjyRAAQ","Name":"Express Logistics and Transport"},{"attributes":{"type":"Account","url":"/services/data/v33.0/sobjects/Account/0012800000kzjySAAQ"},"Id":"0012800000kzjySAAQ","Name":"University of Arizona"},{"attributes":{"type":"Account","url":"/services/data/v33.0/sobjects/Account/0012800000kzjyQAAQ"},"Id":"0012800000kzjyQAAQ","Name":"United Oil & Gas Corp."},{"attributes":{"type":"Account","url":"/services/data/v33.0/sobjects/Account/0012800000kzjyWAAQ"},"Id":"0012800000kzjyWAAQ","Name":"sForce"}]}
