[{"attributes":{"type":"Contact","url":"/services/data/v33.0/sobjects/Contact/0032800000XROJBAA5"},"AccountId":null,"Account":null,"FirstName":"Abc","Id":"0032800000XROJBAA5","LastName":"Def","MailingAddress":null,"MailingCity":null,"MailingCountry":null,"MailingLatitude":null,"MailingLongitude":null,"MailingState":null,"MailingStreet":null,"MobilePhone":"9008323215","Name":"Abc Def","Phone":null,"PhotoUrl":"/services/images/photo/0032800000XROJBAA5"},{"attributes":{"type":"Contact","url":"/services/data/v33.0/sobjects/Contact/0032800000XwxD8AAJ"},"AccountId":null,"Account":null,"FirstName":"Abc1 def1","Id":"0032800000XwxD8AAJ","LastName":"SA-Mobility","MailingAddress":null,"MailingCity":null,"MailingCountry":null,"MailingLatitude":null,"MailingLongitude":null,"MailingState":null,"MailingStreet":null,"MobilePhone":"89234623784","Name":"Abc1 def1 SA-Mobility","Phone":"923488923479","PhotoUrl":"/services/images/photo/0032800000XwxD8AAJ"},{"attributes":{"type":"Contact","url":"/services/data/v33.0/sobjects/Contact/0032800000XROH0AAP"},"AccountId":null,"Account":null,"FirstName":"Aditya","Id":"0032800000XROH0AAP","LastName":"Kotamraju","MailingAddress":null,"MailingCity":null,"MailingCountry":null,"MailingLatitude":null,"MailingLongitude":null,"MailingState":null,"MailingStreet":null,"MobilePhone":"9581242493","Name":"Aditya Kotamraju","Phone":null,"PhotoUrl":"/services/images/photo/0032800000XROH0AAP"},{"attributes":{"type":"Contact","url":"/services/data/v33.0/sobjects/Contact/0032800000VnUIbAAN"},"AccountId":"0012800000kzjyOAAQ","Account":{"attributes":{"type":"Account","url":"/services/data/v33.0/sobjects/Account/0012800000kzjyOAAQ"},"Name":"Dickenson plc"},"FirstName":"Andy","Id":"0032800000VnUIbAAN","LastName":"Young","MailingAddress":{"city":"Lawrence","country":"USA","countryCode":null,"geocodeAccuracy":null,"latitude":null,"longitude":null,"postalCode":"66045","state":"KS","stateCode":null,"street":"1301 Hoch Drive"},"MailingCity":"Lawrence","MailingCountry":"USA","MailingLatitude":null,"MailingLongitude":null,"MailingState":"KS","MailingStreet":"1301 Hoch Drive","MobilePhone":"(785) 265-5350","Name":"Andy Young","Phone":"(785) 241-6200","PhotoUrl":"/services/images/photo/0032800000VnUIbAAN"},{"attributes":{"type":"Contact","url":"/services/data/v33.0/sobjects/Contact/0032800000XwxFxAAJ"},"AccountId":null,"Account":null,"FirstName":"Ansari","Id":"0032800000XwxFxAAJ","LastName":"Ahmed","MailingAddress":null,"MailingCity":null,"MailingCountry":null,"MailingLatitude":null,"MailingLongitude":null,"MailingState":null,"MailingStreet":null,"MobilePhone":"89234623784","Name":"Ansari Ahmed","Phone":"923488923479","PhotoUrl":"/services/images/photo/0032800000XwxFxAAJ"},{"attributes":{"type":"Contact","url":"/services/data/v33.0/sobjects/Contact/0032800000VnUIjAAN"},"AccountId":"0012800000kzjyQAAQ","Account":{"attributes":{"type":"Account","url":"/services/data/v33.0/sobjects/Account/0012800000kzjyQAAQ"},"Name":"United Oil & Gas Corp."},"FirstName":"Arthur","Id":"0032800000VnUIjAAN","LastName":"Song","MailingAddress":{"city":null,"country":null,"countryCode":null,"geocodeAccuracy":null,"latitude":null,"longitude":null,"postalCode":null,"state":null,"stateCode":null,"street":"1301 Avenue of the Americas \nNew York, NY 10019\nUSA"},"MailingCity":null,"MailingCountry":null,"MailingLatitude":null,"MailingLongitude":null,"MailingState":null,"MailingStreet":"1301 Avenue of the Americas \nNew York, NY 10019\nUSA","MobilePhone":"(212) 842-4535","Name":"Arthur Song","Phone":"(212) 842-5500","PhotoUrl":"/services/images/photo/0032800000VnUIjAAN"},{"attributes":{"type":"Contact","url":"/services/data/v33.0/sobjects/Contact/0032800000VnUIkAAN"},"AccountId":"0012800000kzjyTAAQ","Account":{"attributes":{"type":"Account","url":"/services/data/v33.0/sobjects/Account/0012800000kzjyTAAQ"},"Name":"United Oil & Gas, UK"},"FirstName":"Ashley","Id":"0032800000VnUIkAAN","LastName":"James","MailingAddress":{"city":null,"country":null,"countryCode":null,"geocodeAccuracy":null,"latitude":null,"longitude":null,"postalCode":null,"state":null,"stateCode":null,"street":"Kings Park, 17th Avenue, Team Valley Trading Estate,\nGateshead, Tyne and Wear NE26 3HS\nUnited Kingdom"},"MailingCity":null,"MailingCountry":null,"MailingLatitude":null,"MailingLongitude":null,"MailingState":null,"MailingStreet":"Kings Park, 17th Avenue, Team Valley Trading Estate,\nGateshead, Tyne and Wear NE26 3HS\nUnited Kingdom","MobilePhone":"+44 191 3456234","Name":"Ashley James","Phone":"+44 191 4956203","PhotoUrl":"/services/images/photo/0032800000VnUIkAAN"},{"attributes":{"type":"Contact","url":"/services/data/v33.0/sobjects/Contact/0032800000VnUIoAAN"},"AccountId":"0012800000kzjyQAAQ","Account":{"attributes":{"type":"Account","url":"/services/data/v33.0/sobjects/Account/0012800000kzjyQAAQ"},"Name":"United Oil & Gas Corp."},"FirstName":"Avi","Id":"0032800000VnUIoAAN","LastName":"Green","MailingAddress":{"city":null,"country":null,"countryCode":null,"geocodeAccuracy":null,"latitude":null,"longitude":null,"postalCode":null,"state":null,"stateCode":null,"street":"1302 Avenue of the Americas \nNew York, NY 10019\nUSA"},"MailingCity":null,"MailingCountry":null,"MailingLatitude":null,"MailingLongitude":null,"MailingState":null,"MailingStreet":"1302 Avenue of the Americas \nNew York, NY 10019\nUSA","MobilePhone":"(212) 842-2383","Name":"Avi Green","Phone":"(212) 842-5500","PhotoUrl":"/services/images/photo/0032800000VnUIoAAN"},{"attributes":{"type":"Contact","url":"/services/data/v33.0/sobjects/Contact/0032800000VnUIgAAN"},"AccountId":"0012800000kzjyRAAQ","Account":{"attributes":{"type":"Account","url":"/services/data/v33.0/sobjects/Account/0012800000kzjyRAAQ"},"Name":"Express Logistics and Transport"},"FirstName":"Babara","Id":"0032800000VnUIgAAN","LastName":"Levy","MailingAddress":{"city":null,"country":null,"countryCode":null,"geocodeAccuracy":null,"latitude":null,"longitude":null,"postalCode":null,"state":null,"stateCode":null,"street":"620 SW 5th Avenue Suite 400\nPortland, Oregon 97204\nUnited States"},"MailingCity":null,"MailingCountry":null,"MailingLatitude":null,"MailingLongitude":null,"MailingState":null,"MailingStreet":"620 SW 5th Avenue Suite 400\nPortland, Oregon 97204\nUnited States","MobilePhone":"(503) 421-5451","Name":"Babara Levy","Phone":"(503) 421-7800","PhotoUrl":"/services/images/photo/0032800000VnUIgAAN"},{"attributes":{"type":"Contact","url":"/services/data/v33.0/sobjects/Contact/0032800000VnUInAAN"},"AccountId":"0012800000kzjyVAAQ","Account":{"attributes":{"type":"Account","url":"/services/data/v33.0/sobjects/Account/0012800000kzjyVAAQ"},"Name":"GenePoint"},"FirstName":"Edna","Id":"0032800000VnUInAAN","LastName":"Frank","MailingAddress":{"city":null,"country":null,"countryCode":null,"geocodeAccuracy":null,"latitude":null,"longitude":null,"postalCode":null,"state":null,"stateCode":null,"street":"345 Shoreline Park\nMountain View, CA 94043\nUSA"},"MailingCity":null,"MailingCountry":null,"MailingLatitude":null,"MailingLongitude":null,"MailingState":null,"MailingStreet":"345 Shoreline Park\nMountain View, CA 94043\nUSA","MobilePhone":"(650) 867-7686","Name":"Edna Frank","Phone":"(650) 867-3450","PhotoUrl":"/services/images/photo/0032800000VnUInAAN"},{"attributes":{"type":"Contact","url":"/services/data/v33.0/sobjects/Contact/0032800000VnUIZAA3"},"AccountId":"0012800000kzjyMAAQ","Account":{"attributes":{"type":"Account","url":"/services/data/v33.0/sobjects/Account/0012800000kzjyMAAQ"},"Name":"Burlington Textiles Corp of America"},"FirstName":"Jack","Id":"0032800000VnUIZAA3","LastName":"Rogers","MailingAddress":{"city":"Burlington","country":"USA","countryCode":null,"geocodeAccuracy":null,"latitude":null,"longitude":null,"postalCode":"27215","state":"NC","stateCode":null,"street":"525 S. Lexington Ave"},"MailingCity":"Burlington","MailingCountry":"USA","MailingLatitude":null,"MailingLongitude":null,"MailingState":"NC","MailingStreet":"525 S. Lexington Ave","MobilePhone":null,"Name":"Jack Rogers","Phone":"(336) 222-7000","PhotoUrl":"/services/images/photo/0032800000VnUIZAA3"},{"attributes":{"type":"Contact","url":"/services/data/v33.0/sobjects/Contact/0032800000VnUIqAAN"},"AccountId":"0012800000kzjyWAAQ","Account":{"attributes":{"type":"Account","url":"/services/data/v33.0/sobjects/Account/0012800000kzjyWAAQ"},"Name":"sForce"},"FirstName":"Jake","Id":"0032800000VnUIqAAN","LastName":"Llorrac","MailingAddress":null,"MailingCity":null,"MailingCountry":null,"MailingLatitude":null,"MailingLongitude":null,"MailingState":null,"MailingStreet":null,"MobilePhone":null,"Name":"Jake Llorrac","Phone":null,"PhotoUrl":"/services/images/photo/0032800000VnUIqAAN"},{"attributes":{"type":"Contact","url":"/services/data/v33.0/sobjects/Contact/0032800000VnUIiAAN"},"AccountId":"0012800000kzjySAAQ","Account":{"attributes":{"type":"Account","url":"/services/data/v33.0/sobjects/Account/0012800000kzjySAAQ"},"Name":"University of Arizona"},"FirstName":"Jane","Id":"0032800000VnUIiAAN","LastName":"Grey","MailingAddress":{"city":null,"country":null,"countryCode":null,"geocodeAccuracy":null,"latitude":null,"longitude":null,"postalCode":null,"state":null,"stateCode":null,"street":"888 N Euclid \nHallis Center, Room 501\nTucson, AZ 85721\nUnited States"},"MailingCity":null,"MailingCountry":null,"MailingLatitude":null,"MailingLongitude":null,"MailingState":null,"MailingStreet":"888 N Euclid \nHallis Center, Room 501\nTucson, AZ 85721\nUnited States","MobilePhone":"(520) 773-4539","Name":"Jane Grey","Phone":"(520) 773-9050","PhotoUrl":"/services/images/photo/0032800000VnUIiAAN"},{"attributes":{"type":"Contact","url":"/services/data/v33.0/sobjects/Contact/0032800000VnUIdAAN"},"AccountId":"0012800000kzjyPAAQ","Account":{"attributes":{"type":"Account","url":"/services/data/v33.0/sobjects/Account/0012800000kzjyPAAQ"},"Name":"Grand Hotels & Resorts Ltd"},"FirstName":"John","Id":"0032800000VnUIdAAN","LastName":"Bond","MailingAddress":{"city":null,"country":null,"countryCode":null,"geocodeAccuracy":null,"latitude":null,"longitude":null,"postalCode":null,"state":null,"stateCode":null,"street":"2334 N. Michigan Avenue, Suite 1500\nChicago, IL 60601, USA"},"MailingCity":null,"MailingCountry":null,"MailingLatitude":null,"MailingLongitude":null,"MailingState":null,"MailingStreet":"2334 N. Michigan Avenue, Suite 1500\nChicago, IL 60601, USA","MobilePhone":"(312) 596-1563","Name":"John Bond","Phone":"(312) 596-1000","PhotoUrl":"/services/images/photo/0032800000VnUIdAAN"},{"attributes":{"type":"Contact","url":"/services/data/v33.0/sobjects/Contact/0032800000VnUIhAAN"},"AccountId":"0012800000kzjyRAAQ","Account":{"attributes":{"type":"Account","url":"/services/data/v33.0/sobjects/Account/0012800000kzjyRAAQ"},"Name":"Express Logistics and Transport"},"FirstName":"Josh","Id":"0032800000VnUIhAAN","LastName":"Davis","MailingAddress":{"city":null,"country":null,"countryCode":null,"geocodeAccuracy":null,"latitude":null,"longitude":null,"postalCode":null,"state":null,"stateCode":null,"street":"621 SW 5th Avenue Suite 400\nPortland, Oregon 97204\nUnited States"},"MailingCity":null,"MailingCountry":null,"MailingLatitude":null,"MailingLongitude":null,"MailingState":null,"MailingStreet":"621 SW 5th Avenue Suite 400\nPortland, Oregon 97204\nUnited States","MobilePhone":"(503) 421-4387","Name":"Josh Davis","Phone":"(503) 421-7800","PhotoUrl":"/services/images/photo/0032800000VnUIhAAN"},{"attributes":{"type":"Contact","url":"/services/data/v33.0/sobjects/Contact/0032800000VnUIfAAN"},"AccountId":"0012800000kzjyQAAQ","Account":{"attributes":{"type":"Account","url":"/services/data/v33.0/sobjects/Account/0012800000kzjyQAAQ"},"Name":"United Oil & Gas Corp."},"FirstName":"Lauren","Id":"0032800000VnUIfAAN","LastName":"Boyle","MailingAddress":{"city":null,"country":null,"countryCode":null,"geocodeAccuracy":null,"latitude":null,"longitude":null,"postalCode":null,"state":null,"stateCode":null,"street":"1304 Avenue of the Americas \nNew York, NY 10019\nUSA"},"MailingCity":null,"MailingCountry":null,"MailingLatitude":null,"MailingLongitude":null,"MailingState":null,"MailingStreet":"1304 Avenue of the Americas \nNew York, NY 10019\nUSA","MobilePhone":"(212) 842-5611","Name":"Lauren Boyle","Phone":"(212) 842-5500","PhotoUrl":"/services/images/photo/0032800000VnUIfAAN"},{"attributes":{"type":"Contact","url":"/services/data/v33.0/sobjects/Contact/0032800000VnUImAAN"},"AccountId":"0012800000kzjyUAAQ","Account":{"attributes":{"type":"Account","url":"/services/data/v33.0/sobjects/Account/0012800000kzjyUAAQ"},"Name":"United Oil & Gas, Singapore"},"FirstName":"Liz","Id":"0032800000VnUImAAN","LastName":"D'Cruz","MailingAddress":{"city":null,"country":null,"countryCode":null,"geocodeAccuracy":null,"latitude":null,"longitude":null,"postalCode":null,"state":null,"stateCode":null,"street":"10 Tagore Lane\nSingapore, Singapore 787472\nSingapore"},"MailingCity":null,"MailingCountry":null,"MailingLatitude":null,"MailingLongitude":null,"MailingState":null,"MailingStreet":"10 Tagore Lane\nSingapore, Singapore 787472\nSingapore","MobilePhone":"(650) 345-6637","Name":"Liz D'Cruz","Phone":"(650) 450-8810","PhotoUrl":"/services/images/photo/0032800000VnUImAAN"},{"attributes":{"type":"Contact","url":"/services/data/v33.0/sobjects/Contact/0032800000VnUIaAAN"},"AccountId":"0012800000kzjyNAAQ","Account":{"attributes":{"type":"Account","url":"/services/data/v33.0/sobjects/Account/0012800000kzjyNAAQ"},"Name":"Pyramid Construction Inc."},"FirstName":"Pat","Id":"0032800000VnUIaAAN","LastName":"Stumuller","MailingAddress":{"city":"Paris","country":"France","countryCode":null,"geocodeAccuracy":null,"latitude":null,"longitude":null,"postalCode":"75251","state":null,"stateCode":null,"street":"2 Place Jussieu"},"MailingCity":"Paris","MailingCountry":"France","MailingLatitude":null,"MailingLongitude":null,"MailingState":null,"MailingStreet":"2 Place Jussieu","MobilePhone":"(014) 454-6364","Name":"Pat Stumuller","Phone":"(014) 427-4427","PhotoUrl":"/services/images/photo/0032800000VnUIaAAN"},{"attributes":{"type":"Contact","url":"/services/data/v33.0/sobjects/Contact/0032800000VnUIXAA3"},"AccountId":"0012800000kzjyLAAQ","Account":{"attributes":{"type":"Account","url":"/services/data/v33.0/sobjects/Account/0012800000kzjyLAAQ"},"Name":"Edge Communications"},"FirstName":"Rose","Id":"0032800000VnUIXAA3","LastName":"Gonzalez","MailingAddress":{"city":null,"country":null,"countryCode":null,"geocodeAccuracy":null,"latitude":null,"longitude":null,"postalCode":null,"state":null,"stateCode":null,"street":"313 Constitution Place\nAustin, TX 78767\nUSA"},"MailingCity":null,"MailingCountry":null,"MailingLatitude":null,"MailingLongitude":null,"MailingState":null,"MailingStreet":"313 Constitution Place\nAustin, TX 78767\nUSA","MobilePhone":"(512) 757-9340","Name":"Rose Gonzalez","Phone":"(512) 757-6000","PhotoUrl":"/services/images/photo/0032800000VnUIXAA3"},{"attributes":{"type":"Contact","url":"/services/data/v33.0/sobjects/Contact/0032800000VnUIYAA3"},"AccountId":"0012800000kzjyLAAQ","Account":{"attributes":{"type":"Account","url":"/services/data/v33.0/sobjects/Account/0012800000kzjyLAAQ"},"Name":"Edge Communications"},"FirstName":"Sean","Id":"0032800000VnUIYAA3","LastName":"Forbes","MailingAddress":{"city":null,"country":null,"countryCode":null,"geocodeAccuracy":null,"latitude":null,"longitude":null,"postalCode":null,"state":null,"stateCode":null,"street":"312 Constitution Place\nAustin, TX 78767\nUSA"},"MailingCity":null,"MailingCountry":null,"MailingLatitude":null,"MailingLongitude":null,"MailingState":null,"MailingStreet":"312 Constitution Place\nAustin, TX 78767\nUSA","MobilePhone":"(512) 757-4561","Name":"Sean Forbes","Phone":"(512) 757-6000","PhotoUrl":"/services/images/photo/0032800000VnUIYAA3"},{"attributes":{"type":"Contact","url":"/services/data/v33.0/sobjects/Contact/0032800000VnUIpAAN"},"AccountId":"0012800000kzjyWAAQ","Account":{"attributes":{"type":"Account","url":"/services/data/v33.0/sobjects/Account/0012800000kzjyWAAQ"},"Name":"sForce"},"FirstName":"Siddartha","Id":"0032800000VnUIpAAN","LastName":"Nedaerk","MailingAddress":{"city":"San Francisco","country":"US","countryCode":null,"geocodeAccuracy":null,"latitude":null,"longitude":null,"postalCode":"94087","state":"CA","stateCode":null,"street":"The Landmark @ One Market"},"MailingCity":"San Francisco","MailingCountry":"US","MailingLatitude":null,"MailingLongitude":null,"MailingState":"CA","MailingStreet":"The Landmark @ One Market","MobilePhone":null,"Name":"Siddartha Nedaerk","Phone":null,"PhotoUrl":"/services/images/photo/0032800000VnUIpAAN"},{"attributes":{"type":"Contact","url":"/services/data/v33.0/sobjects/Contact/0032800000VnUIeAAN"},"AccountId":"0012800000kzjyQAAQ","Account":{"attributes":{"type":"Account","url":"/services/data/v33.0/sobjects/Account/0012800000kzjyQAAQ"},"Name":"United Oil & Gas Corp."},"FirstName":"Stella","Id":"0032800000VnUIeAAN","LastName":"Pavlova","MailingAddress":{"city":null,"country":null,"countryCode":null,"geocodeAccuracy":null,"latitude":null,"longitude":null,"postalCode":null,"state":null,"stateCode":null,"street":"1303 Avenue of the Americas \nNew York, NY 10019\nUSA"},"MailingCity":null,"MailingCountry":null,"MailingLatitude":null,"MailingLongitude":null,"MailingState":null,"MailingStreet":"1303 Avenue of the Americas \nNew York, NY 10019\nUSA","MobilePhone":"(212) 842-5501","Name":"Stella Pavlova","Phone":"(212) 842-5500","PhotoUrl":"/services/images/photo/0032800000VnUIeAAN"},{"attributes":{"type":"Contact","url":"/services/data/v33.0/sobjects/Contact/0032800000VnUIcAAN"},"AccountId":"0012800000kzjyPAAQ","Account":{"attributes":{"type":"Account","url":"/services/data/v33.0/sobjects/Account/0012800000kzjyPAAQ"},"Name":"Grand Hotels & Resorts Ltd"},"FirstName":"Tim","Id":"0032800000VnUIcAAN","LastName":"Barr","MailingAddress":{"city":null,"country":null,"countryCode":null,"geocodeAccuracy":null,"latitude":null,"longitude":null,"postalCode":null,"state":null,"stateCode":null,"street":"2335 N. Michigan Avenue, Suite 1500\nChicago, IL 60601, USA"},"MailingCity":null,"MailingCountry":null,"MailingLatitude":null,"MailingLongitude":null,"MailingState":null,"MailingStreet":"2335 N. Michigan Avenue, Suite 1500\nChicago, IL 60601, USA","MobilePhone":"(312) 596-1230","Name":"Tim Barr","Phone":"(312) 596-1000","PhotoUrl":"/services/images/photo/0032800000VnUIcAAN"},{"attributes":{"type":"Contact","url":"/services/data/v33.0/sobjects/Contact/0032800000VnUIlAAN"},"AccountId":"0012800000kzjyUAAQ","Account":{"attributes":{"type":"Account","url":"/services/data/v33.0/sobjects/Account/0012800000kzjyUAAQ"},"Name":"United Oil & Gas, Singapore"},"FirstName":"Tom","Id":"0032800000VnUIlAAN","LastName":"Ripley","MailingAddress":{"city":null,"country":null,"countryCode":null,"geocodeAccuracy":null,"latitude":null,"longitude":null,"postalCode":null,"state":null,"stateCode":null,"street":"9 Tagore Lane\nSingapore, Singapore 787472\nSingapore"},"MailingCity":null,"MailingCountry":null,"MailingLatitude":null,"MailingLongitude":null,"MailingState":null,"MailingStreet":"9 Tagore Lane\nSingapore, Singapore 787472\nSingapore","MobilePhone":"(650) 345-7636","Name":"Tom Ripley","Phone":"(650) 450-8810","PhotoUrl":"/services/images/photo/0032800000VnUIlAAN"}]